{"tx_p": [[106.75, 118.75], [118.249936, 81.225044]], "tx_n": [[107.25, 118.75], [118.750064, 81.225044]], "rx_p": [[119.750064, 81.225044], [108.25, 118.75]], "rx_n": [[120.249936, 81.225044], [108.75, 118.75]]}