{
  "FPC-16P-0.5mm": {
    "pos": [
      131.25,
      88.75
    ],
    "rot": 0.0,
    "pads": {
      "1": [
        127.5,
        87.5
      ],
      "2": [
        128.0,
        87.5
      ],
      "3": [
        128.5,
        87.5
      ],
      "4": [
        129.0,
        87.5
      ],
      "5": [
        129.5,
        87.5
      ],
      "6": [
        130.0,
        87.5
      ],
      "7": [
        130.5,
        87.5
      ],
      "8": [
        131.0,
        87.5
      ],
      "9": [
        131.5,
        87.5
      ],
      "10": [
        132.0,
        87.5
      ],
      "11": [
        132.5,
        87.5
      ],
      "12": [
        133.0,
        87.5
      ],
      "13": [
        133.5,
        87.5
      ],
      "14": [
        134.0,
        87.5
      ],
      "15": [
        134.5,
        87.5
      ],
      "16": [
        135.0,
        87.5
      ]
    }
  },
  "CONN-SMD_APCI0107-P001A": {
    "pos": [
      131.250064,
      69.274956
    ],
    "rot": 0.0,
    "pads": {
      "1": [
        122.0001,
        65.5
      ],
      "2": [
        122.2501,
        73.0499
      ],
      "3": [
        122.5,
        65.5
      ],
      "4": [
        122.7502,
        73.0499
      ],
      "5": [
        123.0001,
        65.5
      ],
      "6": [
        123.2501,
        73.0499
      ],
      "7": [
        123.5,
        65.5
      ],
      "8": [
        123.7502,
        73.0499
      ],
      "9": [
        124.0001,
        65.5
      ],
      "10": [
        124.2501,
        73.0499
      ],
      "11": [
        124.5,
        65.5
      ],
      "12": [
        124.7502,
        73.0499
      ],
      "13": [
        125.0001,
        65.5
      ],
      "14": [
        125.2501,
        73.0499
      ],
      "15": [
        125.5,
        65.5
      ],
      "16": [
        125.7502,
        73.0499
      ],
      "17": [
        126.0001,
        65.5
      ],
      "18": [
        126.2501,
        73.0499
      ],
      "19": [
        126.5,
        65.5
      ],
      "20": [
        126.7502,
        73.0499
      ],
      "21": [
        127.0001,
        65.5
      ],
      "22": [
        127.2501,
        73.0499
      ],
      "23": [
        127.5,
        65.5
      ],
      "24": [
        127.7502,
        73.0499
      ],
      "25": [
        128.0001,
        65.5
      ],
      "26": [
        128.2501,
        73.0499
      ],
      "27": [
        128.5,
        65.5
      ],
      "28": [
        128.7502,
        73.0499
      ],
      "29": [
        129.0001,
        65.5
      ],
      "30": [
        129.2501,
        73.0499
      ],
      "31": [
        129.5,
        65.5
      ],
      "32": [
        129.7502,
        73.0499
      ],
      "33": [
        130.0001,
        65.5
      ],
      "34": [
        130.2501,
        73.0499
      ],
      "35": [
        130.5,
        65.5
      ],
      "36": [
        130.7502,
        73.0499
      ],
      "37": [
        131.0001,
        65.5
      ],
      "38": [
        131.2501,
        73.0499
      ],
      "39": [
        131.5,
        65.5
      ],
      "40": [
        131.7502,
        73.0499
      ],
      "41": [
        132.0001,
        65.5
      ],
      "42": [
        132.2501,
        73.0499
      ],
      "43": [
        132.5,
        65.5
      ],
      "44": [
        132.7502,
        73.0499
      ],
      "45": [
        133.0001,
        65.5
      ],
      "46": [
        133.2501,
        73.0499
      ],
      "47": [
        133.5,
        65.5
      ],
      "48": [
        133.7502,
        73.0499
      ],
      "49": [
        134.0001,
        65.5
      ],
      "50": [
        134.2501,
        73.0499
      ],
      "51": [
        134.5,
        65.5
      ],
      "52": [
        134.7502,
        73.0499
      ],
      "53": [
        135.0001,
        65.5
      ],
      "54": [
        135.2501,
        73.0499
      ],
      "55": [
        135.5,
        65.5
      ],
      "56": [
        135.7502,
        73.0499
      ],
      "57": [
        136.0001,
        65.5
      ],
      "58": [
        136.2501,
        73.0499
      ],
      "67": [
        138.5,
        65.5
      ],
      "68": [
        138.7502,
        73.0499
      ],
      "69": [
        139.0001,
        65.5
      ],
      "70": [
        139.2501,
        73.0499
      ],
      "71": [
        139.5,
        65.5
      ],
      "72": [
        139.7502,
        73.0499
      ],
      "73": [
        140.0001,
        65.5
      ],
      "74": [
        140.2501,
        73.0499
      ],
      "75": [
        140.5,
        65.5
      ],
      "76": [
        120.9001,
        66.275
      ],
      "77": [
        141.6001,
        66.275
      ]
    }
  }
}